{
  "properties": {
    "connectionReferences": {
      "shared_onedriveforbusiness": {
        "runtimeSource": "embedded",
        "connection": {
          "connectionReferenceLogicalName": "new_sharedonedriveforbusiness_7aa9f"
        },
        "api": {
          "name": "shared_onedriveforbusiness"
        }
      },
      "shared_excelonlinebusiness": {
        "runtimeSource": "embedded",
        "connection": {
          "connectionReferenceLogicalName": "new_sharedexcelonlinebusiness_15069"
        },
        "api": {
          "name": "shared_excelonlinebusiness"
        }
      },
      "shared_office365": {
        "runtimeSource": "embedded",
        "connection": {
          "connectionReferenceLogicalName": "new_sharedoffice365_e1f29"
        },
        "api": {
          "name": "shared_office365"
        }
      }
    },
    "definition": {
      "$schema": "https://schema.management.azure.com/providers/Microsoft.Logic/schemas/2016-06-01/workflowdefinition.json#",
      "contentVersion": "1.0.0.0",
      "parameters": {
        "$authentication": {
          "defaultValue": {},
          "type": "SecureObject"
        },
        "$connections": {
          "defaultValue": {},
          "type": "Object"
        }
      },
      "triggers": {
        "weather_資料夾被移動的話觸發流程【When_a_file_is_modified】": {
          "recurrence": {
            "interval": 5,
            "frequency": "Minute"
          },
          "metadata": {
            "6e202211-2856-4d17-9ded-5beb8b8626b0": "/",
            "b!Jsqo2BRpyEmvKMF9lLGmq0sTz3KN5t9KvgSE4BWCQ1fnKeY24BcQRow2IhDTI6PG.01ONRF6JBAASYWL5YIDZGJOY7CEDC3LQV6": "/weather",
            "operationMetadataId": "7f9b287b-e5cf-42cd-a330-fd84387874aa"
          },
          "type": "OpenApiConnection",
          "inputs": {
            "parameters": {
              "folderId": "b!Jsqo2BRpyEmvKMF9lLGmq0sTz3KN5t9KvgSE4BWCQ1fnKeY24BcQRow2IhDTI6PG.01ONRF6JBAASYWL5YIDZGJOY7CEDC3LQV6",
              "includeSubfolders": false
            },
            "host": {
              "apiId": "/providers/Microsoft.PowerApps/apis/shared_onedriveforbusiness",
              "operationId": "OnUpdatedFileV2",
              "connectionName": "shared_onedriveforbusiness"
            }
          }
        }
      },
      "actions": {
        "判斷是不是沒有建立表格【Condition】": {
          "actions": {
            "List_rows_present_in_a_table": {
              "runAfter": {
                "Create_table": [
                  "Succeeded"
                ]
              },
              "metadata": {
                "operationMetadataId": "2943d5e8-5272-42cf-85b0-eeaafc604291",
                "tableId": "dtSource"
              },
              "type": "OpenApiConnection",
              "inputs": {
                "parameters": {
                  "source": "me",
                  "drive": "b!Jsqo2BRpyEmvKMF9lLGmq0sTz3KN5t9KvgSE4BWCQ1fnKeY24BcQRow2IhDTI6PG",
                  "file": "@triggerOutputs()?['headers/x-ms-file-id']",
                  "table": "dtSource"
                },
                "host": {
                  "apiId": "/providers/Microsoft.PowerApps/apis/shared_excelonlinebusiness",
                  "operationId": "GetItems",
                  "connectionName": "shared_excelonlinebusiness"
                }
              },
              "description": "讀取Excel 中的表格"
            },
            "Create_table": {
              "metadata": {
                "01ONRF6JA62M5D24VKMJHZ62BPPC7CYQKC": "/weather/weather_summary.xlsx",
                "tableId": null,
                "operationMetadataId": "476ddf2e-5753-4d06-acd1-57c66149dc56",
                "01ONRF6JFTU4QDCHLPO5DYCICQNOIPXVX3": "/weather/weather_summary.xlsx"
              },
              "type": "OpenApiConnection",
              "inputs": {
                "parameters": {
                  "source": "me",
                  "drive": "b!Jsqo2BRpyEmvKMF9lLGmq0sTz3KN5t9KvgSE4BWCQ1fnKeY24BcQRow2IhDTI6PG",
                  "file": "01ONRF6JFTU4QDCHLPO5DYCICQNOIPXVX3",
                  "table/Range": "A1:J100",
                  "table/TableName": "dtSource",
                  "table/ColumnsNames": "城市,現在天氣,現在溫度,三小時後天氣,三小時後溫度,明天12:00天氣,明天12:00溫度\n"
                },
                "host": {
                  "apiId": "/providers/Microsoft.PowerApps/apis/shared_excelonlinebusiness",
                  "operationId": "CreateTable",
                  "connectionName": "shared_excelonlinebusiness"
                }
              }
            },
            "Select": {
              "runAfter": {
                "List_rows_present_in_a_table": [
                  "Succeeded"
                ]
              },
              "type": "Select",
              "inputs": {
                "from": "@body('List_rows_present_in_a_table')?['value']",
                "select": {
                  "city": "@item()?['城市']\r\n",
                  "weather_now": "@item()?['現在天氣']",
                  "temp_now": "@item()?['現在溫度']",
                  "weather_3hr": "@item()?['三小時後天氣']",
                  "temp_3hr": "@item()?['三小時後溫度']",
                  "weather_tmr_12": "@item()?['明天12:00天氣']",
                  "temp_tmr_12": "@item()?['明天12:00溫度']"
                }
              },
              "description": "用陣列設定變數進行搜尋"
            },
            "建立產出檔_【Create_file】": {
              "runAfter": {
                "Select": [
                  "Succeeded"
                ]
              },
              "type": "OpenApiConnection",
              "inputs": {
                "parameters": {
                  "folderPath": "/weather",
                  "name": "@concat('weather_', formatDateTime(utcNow(), 'yyyy-MM-dd'), '.xlsx')",
                  "body": "Empty"
                },
                "host": {
                  "apiId": "/providers/Microsoft.PowerApps/apis/shared_onedriveforbusiness",
                  "operationId": "CreateFile",
                  "connectionName": "shared_onedriveforbusiness"
                }
              },
              "runtimeConfiguration": {
                "contentTransfer": {
                  "transferMode": "Chunked"
                }
              }
            },
            "執行Excel自動化設計的腳本【Run_script】": {
              "runAfter": {
                "建立產出檔_【Create_file】": [
                  "Succeeded"
                ]
              },
              "type": "OpenApiConnection",
              "inputs": {
                "parameters": {
                  "source": "me",
                  "drive": "b!Jsqo2BRpyEmvKMF9lLGmq0sTz3KN5t9KvgSE4BWCQ1fnKeY24BcQRow2IhDTI6PG",
                  "file": "@outputs('建立產出檔_【Create_file】')?['body/Id']",
                  "scriptId": "ms-officescript%3A%2F%2Fonedrive_business_itemlink%2F01ONRF6JERP72GGS3SMZAJIC7QWU5D5KX6"
                },
                "host": {
                  "apiId": "/providers/Microsoft.PowerApps/apis/shared_excelonlinebusiness",
                  "operationId": "RunScriptProd",
                  "connectionName": "shared_excelonlinebusiness"
                }
              }
            },
            "寄送成功信件【Send_an_email_(V2)】": {
              "runAfter": {
                "取得產出檔資料【Get_file_content】": [
                  "Succeeded"
                ]
              },
              "type": "OpenApiConnection",
              "inputs": {
                "parameters": {
                  "emailMessage/To": "yeegase185@gamil.com",
                  "emailMessage/Subject": "天氣預報",
                  "emailMessage/Body": "<p class=\"editor-paragraph\">執行時間：@{formatDateTime(utcNow(), 'yyyy/MM/dd HH:mm:ss')}，流程已完成。</p>",
                  "emailMessage/Attachments": [
                    {
                      "Name": "concat('weather_', formatDateTime(utcNow(), 'yyyy-MM-dd'), '.xlsx')\n",
                      "ContentBytes": "@body('取得產出檔資料【Get_file_content】')"
                    }
                  ],
                  "emailMessage/Importance": "Normal"
                },
                "host": {
                  "apiId": "/providers/Microsoft.PowerApps/apis/shared_office365",
                  "operationId": "SendEmailV2",
                  "connectionName": "shared_office365"
                }
              }
            },
            "取得產出檔資料【Get_file_content】": {
              "runAfter": {
                "執行Excel自動化設計的腳本【Run_script】": [
                  "Succeeded"
                ]
              },
              "type": "OpenApiConnection",
              "inputs": {
                "parameters": {
                  "id": "@outputs('建立產出檔_【Create_file】')?['body/Id']",
                  "inferContentType": true
                },
                "host": {
                  "apiId": "/providers/Microsoft.PowerApps/apis/shared_onedriveforbusiness",
                  "operationId": "GetFileContent",
                  "connectionName": "shared_onedriveforbusiness"
                }
              }
            }
          },
          "runAfter": {
            "Get_tables": [
              "Succeeded"
            ]
          },
          "else": {
            "actions": {
              "寄送失敗信件【Send_an_email_(V2)_】": {
                "type": "OpenApiConnection",
                "inputs": {
                  "parameters": {
                    "emailMessage/To": "yeegase185@gmail.com",
                    "emailMessage/Subject": "天氣預報失敗",
                    "emailMessage/Body": "<p class=\"editor-paragraph\">執行時間：@{formatDateTime(utcNow(), 'yyyy/MM/dd HH:mm:ss')}，流程<b><strong class=\"editor-text-bold\">失敗</strong></b>。</p>",
                    "emailMessage/Importance": "Normal"
                  },
                  "host": {
                    "apiId": "/providers/Microsoft.PowerApps/apis/shared_office365",
                    "operationId": "SendEmailV2",
                    "connectionName": "shared_office365"
                  }
                }
              }
            }
          },
          "expression": {
            "or": [
              {
                "equals": [
                  "@length(body('Get_tables')?['value'])",
                  0
                ]
              }
            ]
          },
          "metadata": {
            "operationMetadataId": "9e3963e9-396c-4cb9-b6ce-16a455eafd7b"
          },
          "type": "If"
        },
        "Get_tables": {
          "runAfter": {},
          "metadata": {
            "01ONRF6JA62M5D24VKMJHZ62BPPC7CYQKC": "/weather/weather_summary.xlsx",
            "tableId": null,
            "01ONRF6JFTU4QDCHLPO5DYCICQNOIPXVX3": "/weather/weather_summary.xlsx"
          },
          "type": "OpenApiConnection",
          "inputs": {
            "parameters": {
              "source": "me",
              "drive": "b!Jsqo2BRpyEmvKMF9lLGmq0sTz3KN5t9KvgSE4BWCQ1fnKeY24BcQRow2IhDTI6PG",
              "file": "01ONRF6JFTU4QDCHLPO5DYCICQNOIPXVX3"
            },
            "host": {
              "apiId": "/providers/Microsoft.PowerApps/apis/shared_excelonlinebusiness",
              "operationId": "GetTables",
              "connectionName": "shared_excelonlinebusiness"
            }
          }
        }
      },
      "outputs": {}
    },
    "templateName": null
  },
  "schemaVersion": "1.0.0.0"
}