{
  "properties": {
    "connectionReferences": {
      "shared_excelonlinebusiness": {
        "runtimeSource": "embedded",
        "connection": {
          "connectionReferenceLogicalName": "new_sharedexcelonlinebusiness_15069"
        },
        "api": {
          "name": "shared_excelonlinebusiness"
        }
      },
      "shared_onedriveforbusiness": {
        "runtimeSource": "embedded",
        "connection": {
          "connectionReferenceLogicalName": "new_sharedonedriveforbusiness_7aa9f"
        },
        "api": {
          "name": "shared_onedriveforbusiness"
        }
      }
    },
    "definition": {
      "$schema": "https://schema.management.azure.com/providers/Microsoft.Logic/schemas/2016-06-01/workflowdefinition.json#",
      "contentVersion": "1.0.0.0",
      "parameters": {
        "$connections": {
          "defaultValue": {},
          "type": "Object"
        },
        "$authentication": {
          "defaultValue": {},
          "type": "SecureObject"
        }
      },
      "triggers": {
        "When_a_file_is_modified": {
          "recurrence": {
            "interval": 5,
            "frequency": "Minute"
          },
          "metadata": {
            "6e202211-2856-4d17-9ded-5beb8b8626b0": "/",
            "b!Jsqo2BRpyEmvKMF9lLGmq0sTz3KN5t9KvgSE4BWCQ1fnKeY24BcQRow2IhDTI6PG.01ONRF6JBAASYWL5YIDZGJOY7CEDC3LQV6": "/weather",
            "operationMetadataId": "7f9b287b-e5cf-42cd-a330-fd84387874aa"
          },
          "type": "OpenApiConnection",
          "inputs": {
            "host": {
              "connectionName": "shared_onedriveforbusiness",
              "operationId": "OnUpdatedFileV2",
              "apiId": "/providers/Microsoft.PowerApps/apis/shared_onedriveforbusiness"
            },
            "parameters": {
              "folderId": "b!Jsqo2BRpyEmvKMF9lLGmq0sTz3KN5t9KvgSE4BWCQ1fnKeY24BcQRow2IhDTI6PG.01ONRF6JBAASYWL5YIDZGJOY7CEDC3LQV6",
              "includeSubfolders": false
            },
            "authentication": "@parameters('$authentication')"
          }
        }
      },
      "actions": {
        "Condition": {
          "actions": {
            "List_rows_present_in_a_table": {
              "runAfter": {
                "Create_table": [
                  "Succeeded"
                ]
              },
              "metadata": {
                "operationMetadataId": "2943d5e8-5272-42cf-85b0-eeaafc604291",
                "tableId": "dtSource"
              },
              "type": "OpenApiConnection",
              "inputs": {
                "host": {
                  "connectionName": "shared_excelonlinebusiness",
                  "operationId": "GetItems",
                  "apiId": "/providers/Microsoft.PowerApps/apis/shared_excelonlinebusiness"
                },
                "parameters": {
                  "source": "me",
                  "drive": "b!Jsqo2BRpyEmvKMF9lLGmq0sTz3KN5t9KvgSE4BWCQ1fnKeY24BcQRow2IhDTI6PG",
                  "file": "@triggerOutputs()?['headers/x-ms-file-id']",
                  "table": "dtSource"
                },
                "authentication": "@parameters('$authentication')"
              },
              "description": "讀取Excel 中的表格"
            },
            "Create_table": {
              "runAfter": {},
              "metadata": {
                "01ONRF6JA62M5D24VKMJHZ62BPPC7CYQKC": "/weather/weather_summary.xlsx",
                "tableId": null,
                "operationMetadataId": "476ddf2e-5753-4d06-acd1-57c66149dc56"
              },
              "type": "OpenApiConnection",
              "inputs": {
                "host": {
                  "connectionName": "shared_excelonlinebusiness",
                  "operationId": "CreateTable",
                  "apiId": "/providers/Microsoft.PowerApps/apis/shared_excelonlinebusiness"
                },
                "parameters": {
                  "source": "me",
                  "drive": "b!Jsqo2BRpyEmvKMF9lLGmq0sTz3KN5t9KvgSE4BWCQ1fnKeY24BcQRow2IhDTI6PG",
                  "file": "01ONRF6JA62M5D24VKMJHZ62BPPC7CYQKC",
                  "table/Range": "A1:C100",
                  "table/TableName": "dtSource",
                  "table/ColumnsNames": "城市,現在天氣,現在溫度,三小時後天氣,三小時後溫度,明天12:00天氣,明天12:00溫度\n"
                },
                "authentication": "@parameters('$authentication')"
              }
            }
          },
          "runAfter": {},
          "expression": {
            "and": [
              {
                "equals": [
                  "",
                  ""
                ]
              }
            ]
          },
          "metadata": {
            "operationMetadataId": "9e3963e9-396c-4cb9-b6ce-16a455eafd7b"
          },
          "type": "If"
        }
      },
      "outputs": {}
    },
    "templateName": ""
  },
  "schemaVersion": "1.0.0.0"
}